District Name,website,details,all_children,location,dates_closed – start_date,dates_closed – end_date,dates_closed – indefinitely,breakfast,lunch,dinner,meal_delivery – curbside meal pickup,meal_delivery – walk-in meal pickup,meal_delivery – pending or unspecified,meal_delivery – meal delivery,start_time_1,end_time_1,start_time_2,end_time_2,start_time_3,end_time_3
Abbott ISD,https://www.abbottisd.org/apps/news/article/1185917,,False,,2020-03-23,2020-03-27,False,False,False,False,False,False,False,False,,,,,,
Abilene ISD,School Website,Details: Only children who are in the vehicle at the time of pickup will be allowed to get a meal. All children in the vehicle – whether on free-and-reduced lunch or not – will be allowed to get a meal.,True,"Martinez Elementary, Johnston Elementary, Bowie Elementary, Clark Middle School, Craig Middle School, Madison Middle School, Mann Middle School",2020-03-16,2020-03-20,False,True,True,False,True,False,False,False,7:00 AM,9:00 AM,11:00 AM,1:00 PM,,
Academy ISD,https://www.academyisd.net/apps/news/article/1184650,,False,Academy Intermediate School  Campus,2020-03-01,2020-03-20,False,False,True,False,False,True,False,False,11:00 AM,12:30 PM,,,,
Adrian ISD,,,False,,2020-03-13,2020-03-23,False,False,False,False,False,False,False,False,,,,,,
Alamo Heights ISD,http://www.ahisd.net/news/what_s_new/drive-_thru_meal_service,Details:  Families should arrive at the front of the school and drive through the Meal Pick-Up line,False,Alamo Heights Junior School,2020-03-16,2020-03-20,False,True,True,False,True,False,False,False,10:00 AM,12:00 PM,8:00 AM,10:00 AM,,
Alba-Golden ISD,https://www.agisd.com/,,False,,2020-03-16,2020-03-20,False,False,False,False,False,False,False,False,,,,,,
Aldine ISD,https://www.aldineisd.org/,,False,"Aldine High School, Blanson CTE High School, Carver High School, Davis Senior High School, Eisenhower Senior High School, MacArthur Senior High School, Nimitz Senior High School, Aldine Middle School, Garcia Middle School, Jones Middle School, Mead Middle School, Shotwell Middle School, Teague Middle School, Anderson Academy, Carroll Elementary, Ermel Elementary, Escamilla Elementary, Francis Elementary, Greenspoint Elementary, Harris Elementary, Jones Elementary and Kujawa Elementary",2020-03-16,2020-04-10,False,True,True,False,True,False,False,False,10:00 AM,1:00 PM,,,,
Alief ISD,https://www.aliefisd.net/Page/13906,,False,"Bush Elementary School, Heflin Elementary School, Horn Elementary School, Smith Elementary School, and Alief Middle School",2020-03-16,2020-04-10,False,True,True,False,True,False,False,False,9:00 AM,,,,,
Allen ISD,https://www.allenisd.org/site/default.aspx?PageType=3&DomainID=1&ModuleInstanceID=5753&ViewID=6446EE88-D30C-497E-9316-3F8874B3E108&RenderLoc=0&FlexDataID=111267&PageID=1,Details: Families may remain in their cars to pick-up meals curbside at the front of designated campus sites. One meal will be provided for each Allen ISD student,False, Boyd Elementary School,2020-03-16,2020-04-03,False,True,True,False,True,False,False,False,7:30 AM,8:30 AM,11:00 AM,12:30 PM,,
Alto ISD,https://www.alto.esc7.net/,Details:  To ensure adequate meal preparation,False,Elementary School Pick,2020-03-16,2020-03-20,False,True,True,False,False,True,False,False,11:30 AM,1:00 PM,,,,
Alvin ISD,https://www.alvinisd.net/Domain/287,,False,"Stevenson Primary, Passmore Elementary, Manvel Jr. High, and Rodeo Palms Jr. High",2020-03-16,2020-04-10,False,False,True,False,True,False,False,False,11:00 AM,1:00 PM,,,,
Alvin ISD,,,False,The Church on Masters Road,2020-03-16,2020-04-10,False,False,False,False,False,True,False,False,10:00 AM,6:00 PM,,,,
Angleton ISD,https://www.angletonisd.net/,Details: Delivery will run the process similar to Summer Fueled Program. Meals will run from,False,Where:,2020-03-16,2020-04-10,False,False,False,False,False,True,False,True,10:00 AM,2:00 PM,,,,
"Anna ISD        
",,,False,,2020-03-16,2020-03-20,False,False,False,False,False,False,False,False,,,,,,
Anthony ISD,https://www.anthonyisd.net/corona-virus.html,Details: The meals are available for children ages,False,MS,2020-03-23,2020-04-04,False,True,True,False,True,False,False,False,7:45 AM,9:00 AM,11:00 AM,1:00 PM,,
Anuhuac ISD,https://sites.google.com/aisdpanthers.com/anahuacisd/information-for-covid-19?authuser=0,,False,High School Cafeteria Parking lot,2020-03-16,2020-03-20,False,True,True,False,True,False,False,False,7:30 AM,9:00 AM,11:00 AM,1:00 PM,,
Aquilla ISD,,,False,,2020-03-01,2020-03-20,False,False,False,False,False,False,False,False,,,,,,
Arlington ISD,"https://www.aisd.net/coronavirus/student-meal-plan-during-school-closure/
https://www.aisd.net/district-news/arlington-isd-continuing-to-feed-students/?fbclid=IwAR19c2Krj8OspT7dYXz2MkarmggqweREbKmX3jcDt2dpiBg1ZIyJZeFdsBU ",Details: Each day during the closure,False,Dipert Career,2020-03-01,2020-03-30,False,True,True,False,False,True,False,False,11:00 AM,1:00 PM,,,,
Arp ISD,http://home.arpisd.org/,,False,,2020-03-16,2020-03-20,False,False,False,False,False,False,False,False,,,,,,
Atlanta ISD,https://www.atlisd.net/125822_2?articleID=50390,,False,,2020-03-16,2020-03-20,False,False,False,False,False,False,False,False,,,,,,
Austin Achieve Public Schools,"austinachieve.org
",Details: All students,False,"Austin Achieve Middle School, Austin Achieve Elementary School and Austin Achieve High School                                                                  Details",2020-03-23,2020-04-04,False,False,True,False,False,True,False,False,8:00 AM,10:00 AM,11:00 AM,1:00 PM,,
Austin ISD,https://www.austinisd.org/student-health/coronavirus/meals,Details: Each child may receive one breakfast and one lunch meal,False,"Blackshear Elementary School, Blanton Elementary School, Cook Elementary School, Dawson Elementary School, Govalle Elementary School, Houston Elementary School, Linder Elementary School, Perez Elementary School, Pleasant Hill Elementary School, T.A. Brown Elementary School, Burnet Middle School, Dobie Middle School, Akins Early College High School, Crockett Early College High School, Eastside Memorial Early College High School, LBJ Early College High School",2020-03-13,2020-04-03,False,True,True,False,True,False,False,True,11:00 AM,2:00 PM,,,,
Avalon ISD,https://www.avalonisd.net/apps/news/article/1184733,,False,,2020-03-16,2020-03-20,False,False,False,False,False,False,False,False,,,,,,
Avinger ISD,https://www.avingerisd.net/,,False,,2020-03-16,2020-03-20,False,False,False,False,False,False,False,False,,,,,,
Azle ISD ,https://www.facebook.com/azleisd/?__tn__=%2Cd%2CP-R&eid=ARBupGbndqg-Oq4UoRjh4LmX4v3GBYn90iVLVRRbW1mj5xVYWE-FuiTJE2puePOYUjceGjt1ToS_gRyF ,Details:,False,"Azle High School, Eagle Heights Elementary, Pelican Bay Park",2020-03-23,2020-04-03,False,True,True,False,False,True,False,False,10:00 AM,1:00 PM,,,,
Bandera ISD,https://www.banderaisd.net/apps/news/article/1184502,,False,,2020-03-16,2020-03-20,False,False,False,False,False,False,False,False,,,,,,
Bangs ISD,https://www.bangsisd.net,,False,,2020-03-16,2020-03-20,False,False,False,False,False,False,False,False,,,,,,
Barbers Hill ISD,,,False,,2020-03-01,2021-03-01,True,False,False,False,False,False,False,False,,,,,,
Bastrop ISD,https://www.bisdtx.org/cms/lib/TX02218757/Centricity/Domain/2911/FAMILY%20-%20Closure%20Notice%203-16-20.pdf,,False,,2020-03-16,2020-04-05,False,False,False,False,False,False,True,False,,,,,,
Bells ISD,https://www.bellsisd.net/,Details: Breakfast,False,"Bells Elementary, Panther Apartments on McFarland, Bells City Hall, Housing close to park on Jernigan",2020-03-16,2020-04-03,False,True,True,False,True,False,False,False,,,,,,
Belton ISD,https://www.facebook.com/BeltonISD/photos/rpp.96620621358/10157591187411359/?type=3&theater,Details:  All students,False,"Miller Heights Elementary, Joe M. Pirtle Elementary School and BISD Southwest Elementary.                                                                 Details",2020-03-16,2020-03-20,False,True,True,False,True,False,False,False,7:30 AM,9:00 AM,11:30 AM,1:00 PM,,
Belville ISD,,,False,,2020-03-16,2020-03-20,False,False,False,False,False,False,False,False,,,,,,
Big Sandy ISD,http://www.bigsandyisd.org/,,False,,2020-03-16,2020-03-27,False,False,False,False,False,False,False,False,,,,,,
Birdville ISD,https://www.birdvilleschools.net/covid19FreeMeals,Details:  BISD will provide pickup stations in front of the listed schools at the listed time for anyone age,False,"Birdville Elementary, Binion Elementary, West Bridville Elementary, and Watauga Elementary",2020-03-16,2020-04-03,False,False,True,False,True,False,False,False,11:00 AM,12:00 PM,,,,
Bishop Gorman ISD,,,False,,2020-03-16,2020-03-20,False,False,False,False,False,False,False,False,,,,,,
Blanket ISD,http://www.blanketisd.net,,False,,2020-03-16,2020-03-20,False,False,False,False,False,False,False,False,,,,,,
Bloomburg ISD,https://www.bloomburgisd.net/21165_1,,False,,2020-03-16,2020-03-20,False,False,False,False,False,False,False,False,,,,,,
Blooming Grove,https://www.bgisd.org/apps/news/article/1184226,,False,,2020-03-16,2020-03-20,False,False,False,False,False,False,False,False,,,,,,
Boerne ISD,https://www.boerneisd.net/,Details:  Meals will be given to children and families.,False,Boerne MS South and Curington ES.                                                                                                                                                               Details,2020-03-16,2020-03-20,False,True,True,False,True,False,False,False,7:00 AM,8:00 AM,11:00 AM,12:00 PM,,
Bosqueville ISD,,,False,,2020-03-16,2020-03-20,False,False,False,False,False,False,False,False,,,,,,
Bonham ISD,,,False,Bonham High School,2020-03-16,2020-04-03,False,False,True,False,False,False,True,False,11:00 AM,1:00 PM,,,,
Brackett ISD,,Details: Lunch will be served on a to-go basis for students and families to pick up at Cafeteria.,False,Cafeteria,2020-03-16,2020-03-20,False,False,True,False,False,True,False,False,11:00 AM,1:00 PM,,,,
Brady ISD,https://www.bradyisd.org,,False,,2020-03-16,2020-03-20,False,False,False,False,False,False,False,False,,,,,,
Brazos ISD,,,False,High School cafeteria pakring lot,2020-03-16,2020-04-03,False,False,False,False,True,False,False,False,11:30 AM,1:00 PM,,,,
Brazosport ISD,https://www.brazosportisd.net/news/what_s_new/b_i_s_d_provides_free_meals_for_anyone_18___under,,False,"TW Ogg Elementary, Velasco Elementary, Ney Elementary",2020-03-16,2020-04-10,False,True,True,False,True,False,False,False,,,,,,
Bremond IS,https://www.bremondisd.net/,,False,,2020-03-16,2020-03-20,False,False,False,False,False,False,False,False,,,,,,
Brenham ISD,,,False,Where:,2020-03-16,2020-04-03,False,True,True,False,True,False,False,False,,,,,,
Broaddus ISD,https://www.broaddusisd.com/article/209057?org=district,,False,,2020-03-16,2020-03-20,False,False,False,False,False,False,False,False,,,,,,
Brookesmith ISD,https://www.brookesmithisd.net,,False,,2020-03-16,2020-03-20,False,False,False,False,False,False,False,False,,,,,,
Brooks County ISD,https://irp-cdn.multiscreensite.com/8be43fb4/files/uploaded/Brooks%20County%20ISD%20Offers%20FREE%20Curbside%20Meals%20to%20Children%2018%20and%20younger%20message.pdf,Details: To ensure we have accurate numbers of meals needed,False,Falfurrias Junior High Campus,2020-03-16,2020-03-20,False,True,True,False,True,False,False,False,9:30 AM,1:00 PM,8:00 AM,8:00 PM,,
Brownsboro ISD,,,False,,2020-03-16,2020-03-20,False,False,False,False,False,False,False,False,,,,,,
Brownsville ISD,,,False,,2020-03-16,2020-03-20,False,False,False,False,False,False,False,False,,,,,,
Brownwood ISD,https://www.brownwoodisd.org/covid19,,False,,2020-03-16,2020-03-20,False,False,False,False,False,False,False,False,,,,,,
Bruceville- Eddy ISD,,,False,,2020-03-16,2020-03-20,False,False,False,False,False,False,False,False,,,,,,
Big Springs Charter School System / Brune ,https://www.facebook.com/247033878668322/photos/pcb.3100481409990207/3100480443323637/?type=3&theater,,False,,2020-03-16,2020-03-20,False,False,False,False,False,False,True,False,,,,,,
Bryan ISD,https://www.bryanisd.org/apps/pages/index.jsp?uREC_ID=1694662&type=d&pREC_ID=1853658,Details:,False,"Bryan High School, Long Intermediate, Jones Elementary, and Kemp",2020-03-16,2020-04-10,False,False,True,False,True,False,False,False,11:00 AM,1:00 PM,,,,
Buffalo ISD,http://www.buffaloisd.net/,,False,West Patio at Buffalo Lower Junior High,2020-03-16,2020-03-20,False,True,True,False,True,False,False,False,7:30 AM,8:30 AM,11:30 AM,1:00 PM,,
Bullard ISD,https://www.bullardisd.net/,,False,,2020-03-16,2020-03-20,False,False,False,False,False,False,False,False,,,,,,
Burleson ISD,http://bit.ly/burlesonisdhealthupdate.,Details:  Burleson ISD will provide free,False,"Brock, Taylor, and Norwood",2020-03-23,2020-04-03,False,True,True,False,True,False,False,False,10:00 AM,2:00 PM,,,,
Burnet CISD,https://www.burnetcisd.net/apps/news/article/1190129,,False,,2020-03-23,2020-04-03,False,False,False,False,False,False,True,False,,,,,,
Caddo Mills ISD,,,False,,2020-03-16,2020-03-20,False,False,False,False,False,False,False,False,,,,,,
Calvert ISD,http://www.calvertisd.com/,,False,Highschool Cafeteria,2020-03-16,2020-03-20,False,True,True,False,False,True,False,False,10:00 AM,12:00 PM,,,,
Cameron ISD,,,False,,2020-03-16,2020-03-20,False,False,False,False,False,False,False,False,,,,,,
Canutillo ISD,http://www.canutillo-isd.org/COVID19 ,Details: Canutillo ISD will serve free breakfast and lunch for any child ages,False,"Canutillo High School, Bill Childress Elementary, Garcia Elementary, Canutillo Elementary",2020-03-23,2020-04-04,False,True,True,False,False,True,False,False,7:00 AM,9:00 AM,11:00 AM,1:00 PM,,
Carlisle ISD,https://www.carlisleisd.org/,,False,,2020-03-16,2020-03-20,False,False,False,False,False,False,False,False,,,,,,
Carroll ISD,https://www.southlakecarroll.edu/Page/3170,Details: Carroll ISD students enrolled in the Free,False,,2020-03-16,2020-04-03,False,False,True,False,False,True,False,True,11:00 AM,12:30 PM,,,,
Carrollton-Farmers Branch ISD,https://cfbisd.edu/covid19/grab-go-meals/,Details:  Free meals will be provided for any CFBISD student. Please be prepared to provide your student,False,"Creekview, Newman Smith, Ranchview and Turner High Schools.",2020-03-16,2020-04-03,False,False,True,False,False,True,False,False,11:00 AM,12:30 PM,,,,
Castleberry ISD,,,False,,2020-03-16,2020-04-06,False,False,False,False,False,False,False,False,,,,,,
Cedar Hill ISD,,Details:  Grab and Go Meals are for anyone under the age of,False,Plummer Elementary,2020-03-16,2020-03-20,False,True,True,False,False,True,False,False,7:30 AM,8:30 AM,11:00 AM,1:00 PM,,
Celina ISD,,,False,,2020-03-16,2020-03-20,False,False,False,False,False,False,False,False,,,,,,
Centerville ISD,https://www.centerville.k12.tx.us/264221_2,,False,,2020-03-16,2020-03-20,False,False,False,False,False,False,False,False,,,,,,
Central Heights ISD,https://www.centralhts.org/,,False,,2020-03-16,2020-03-20,False,False,False,False,False,False,False,False,,,,,,
Channelview ISD,https://www.cvisd.org/site/default.aspx?PageType=3&DomainID=4&ModuleInstanceID=148&ViewID=6446EE88-D30C-497E-9316-3F8874B3E108&RenderLoc=0&FlexDataID=23309&PageID=1,Details: Children will now receive two breakfasts and two lunches at each pick up,False, Early Childhood Center,2020-03-16,2020-04-10,False,True,True,False,True,False,False,False,10:00 AM,1:00 PM,,,,
Chappel Hill ISD,,,False,,2020-03-16,2020-03-20,False,False,False,False,False,False,False,False,,,,,,
Charlotte ISD,http://www.charlotteisd.net/,Details: The child must be present to receive the meal but an ID number is not required.,False,High School Cafeteria Gate,2020-03-16,2020-03-20,False,False,False,False,False,True,False,False,9:00 AM,12:00 PM,,,,
Chilton ISD,https://www.chiltonisd.org/article/209605?org=chilton-isd&fbclid=IwAR0e7qduFWUiXRvx86nmNuUV182G7LCCcdUoMLo3aGUxufxtnhZGjbVaNrk,Details: All meals will be packaged to go in the district cafeteria.  Please understand that all individuals entering the building to pick up breakfast and,False,District Cafeteria,2020-03-16,2020-03-20,False,True,True,False,False,True,False,False,7:30 AM,8:30 AM,11:30 AM,12:30 PM,,
China Spring ISD,,,False,,2020-03-16,2020-03-20,False,False,False,False,False,False,False,False,,,,,,
Chisum ISD,https://chisumisd.org/,Details:  Any student,False,Chisum Elementary and Roxton City Hall,2020-03-16,2020-03-20,False,True,True,False,False,True,False,False,7:30 AM,9:30 AM,9:00 AM,11:00 AM,,
Christoval ISD,https://christovalisd.org,,False,,2020-03-16,2020-03-20,False,False,False,False,False,False,False,False,,,,,,
Clarksville ISD,https://www.clarksvilleisd.net/,,False,,2020-03-16,2020-03-20,False,False,False,False,False,False,False,False,,,,,,
Clear Creek ISD,https://www.ccisd.net/news/2019-20_district_news/drive_through_meals_for_students,Details: Monday,False,"Greene Elementary, League City Elementary, McWhirter Elementary, Stewart Elementary,",2020-03-16,2020-04-10,False,True,True,False,True,False,False,False,11:00 AM,1:00 PM,,,,
Cleburne ISD,,Details:  Families must make reservations for the lunch service by,False,C.C.Cooke Elementary School,2020-03-23,2020-03-27,False,True,True,False,False,True,False,False,7:00 AM,8:30 AM,11:00 AM,1:00 PM,,
Cleveland ISD,https://www.clevelandisd.org/,Details:  Enter thru the back drive,False,Cleveland Middle School and Montebello Park,2020-03-16,2020-04-10,False,True,True,False,True,False,False,False,9:00 AM,11:00 AM,,,,
Clifton ISD,,,False,,2020-03-16,2020-03-20,False,False,False,False,False,False,False,False,,,,,,
Clint ISD,https://www.clintweb.net/site/default.aspx?PageType=3&DomainID=4&ModuleInstanceID=40&ViewID=6446EE88-D30C-497E-9316-3F8874B3E108&RenderLoc=0&FlexDataID=11352&PageID=1,,False,,2020-03-23,2020-04-04,False,False,False,False,False,False,False,False,,,,,,
Coleman ISD,https://www.colemanisd.net,Details:  Call on,False,Softball Field,2020-03-16,2020-03-20,False,True,True,False,False,False,False,False,7:30 AM,8:30 AM,11:30 AM,12:30 PM,,
College Station ISD,https://www.facebook.com/csisd/,Details: Students who pick up a lunch will also receive a breakfast in a bag for the following day.,False,"South Knoll, College Hills, Southwood Valley, River Bend and Oakwood",2020-03-16,2020-04-10,False,False,True,False,False,True,False,False,11:00 AM,1:00 PM,,,,
Columbia-Brazoria ISD,,,False,,2020-03-16,2020-03-20,False,False,False,False,False,False,True,False,,,,,,
Como ISD,https://www.cpcisd.net/article/210394?org=cp-cisd,,False,,2020-03-16,2020-03-20,False,False,False,False,False,False,True,False,,,,,,
Connally ISD,https://www.connally.org/,Details: One meal per child and CHILD MUST BE PRESENT to receive a meal,False,Connally Elementary School,2020-03-13,2020-03-27,False,True,True,False,True,False,False,False,8:00 AM,9:00 AM,11:00 AM,12:30 PM,,
Conroe ISD,https://www.conroeisd.net/alert/conroe-isd-closed-march-16-20/,,False,"Austin Elementary, Caney Creek High School, Conroe High School, Grand Oaks High School, Hauke High School, Knox Junior High, Oak Ridge High School, The Woodlands College Park High School, The Woodlands High School, and Washington Junior High.",2020-03-16,2020-04-10,False,False,True,False,True,False,False,False,10:00 AM,1:00 PM,,,,
Cooper ISD,https://www.cooperisd.net/,,False,,2020-03-16,2020-03-20,False,False,False,False,False,False,False,False,,,,,,
Coppell ISD,https://www.coppellisd.com/site/default.aspx?PageType=3&ModuleInstanceID=18787&ViewID=7b97f7ed-8e5e-4120-848f-a8b4987d588f&RenderLoc=0&FlexDataID=33998&PageID=1&fbclid=IwAR0QE4nA_xZ7SqIj2qyVvIaAZFEhcOGAauXKWoEAGIy_VDZkK8_I75QvuiA,Details: Students aged,False,"Austin Elementary, Town Center Elementary, Valley Ranch Elementary and Wilson Elementary",2020-03-16,2020-03-20,False,False,True,False,True,False,False,False,11:00 AM,12:00 PM,,,,
Copperas Cove ISD,,,False,,2020-03-16,2020-03-20,False,False,False,False,False,False,False,False,,,,,,
Corsicana ISD,https://www.cisd.org/site/default.aspx?PageType=3&ModuleInstanceID=20698&ViewID=7b97f7ed-8e5e-4120-848f-a8b4987d588f&RenderLoc=0&FlexDataID=39320&PageID=14204,Details:  Food distribution locations have been established to serve breakfast and lunch to all Corsicana Independent School District,False,"Corsicana High School, Collins Intermediate, Sam Houston, Bowie, Fannin, Navarro, Carroll, and Travis location. In addition, buses will arrive at St. John",2020-03-16,2020-04-03,False,True,True,False,True,False,False,False,10:00 AM,12:00 PM,,,,
Crockett ISD,https://www.crockettisd.net/,,False,,2020-03-16,2020-03-20,False,False,False,False,False,False,False,False,,,,,,
Crockett County CCSD,http://www.ozonaschools.net,,False,,2020-03-16,2020-03-17,False,False,False,False,False,False,False,False,,,,,,
Crosby ISD,,Details: a weeks worth of food will be provided on pick up. Children must be in vehicle.,False,Drew Elementary,2020-03-16,2020-04-10,False,False,False,False,True,False,False,False,,,,,,
Crowley ISD,https://www.crowleyisdtx.org/covid19?fbclid=IwAR0-i1a9pZ_JURfBIrZ0W3yxjJ0T9opR4p5VU_jXQg68mAHdk-bHESfCy_c,Details: All children,True,Student,2020-03-16,2020-03-27,False,False,False,False,False,True,False,False,7:30 AM,9:00 AM,11:00 AM,1:00 PM,4:30 PM,6:00 PM
Crystal City ISD,https://www.crystalcityisd.org/apps/news/article/1185413,,False,Student,2020-03-16,2020-03-20,False,False,False,False,False,True,False,False,7:30 AM,8:30 AM,11:30 AM,1:00 PM,,
Cumberland Academy ,http://www.cumberlandacademy.com/,,False,,2020-03-16,2020-03-20,False,False,False,False,False,False,False,False,,,,,,
Cumby ISD,https://www.cumbyisd.net/218663_2?articleID=50351,,False,,2020-03-16,2020-03-20,False,False,False,False,False,False,False,False,,,,,,
Cushing ISD,https://www.cushingisd.org/,,False,,2020-03-16,2020-03-20,False,False,False,False,False,False,False,False,,,,,,
Cypress-Fairbanks ISD,https://cfisd-superintendent.blogspot.com/2020/03/covid-19-update-031320.html?fbclid=IwAR0VRWAQNPTvcpNiY2PGHfhHqpZVgS6Jt2uoWM4Q5nBQOE-tUH5ue8X36LU,Details:  Goodson MS will be added Tuesday,False,"Arnold MS, Bane ES, Cy Creek HS, Cy Lakes",2020-03-13,2020-04-09,False,True,True,False,True,False,False,False,,,,,,
Daingerfield-Lonestar ISD,https://www.dlsisd.org/apps/news/article/1184745,,False,,2020-03-16,2020-03-20,False,False,False,False,False,False,False,False,,,,,,
Dallas ISD,https://www.dallasisd.org/Page/52614,Details:  We serve meal to Dallas ISD students through the age of,False,"William A. Blair Elementary, Felix Botello Elementary, Nancy Cochran Elementary, Billy Earl Dade Middle School, Charles A. Gill Elementary, Lenore Kirk Hall Elementary, Harold Lang Middle School, Umphrey Lee Elementary, Lincoln High School, L.G. Pinkston High School, K.B. Polk Elementary, Rosemont Upper, Julian Saldivar Elementary, Seagoville North Elementary, Sam Tasby Middle School, Thomas C. Marsh Preparatory Academy, Wilmer",2020-03-01,2021-03-01,True,False,True,False,False,True,False,False,9:00 AM,9:30 AM,12:30 AM,1:00 PM,,
Damon ISD,,,False,,2020-03-16,2020-03-20,False,False,False,False,False,False,False,False,,,,,,
Danbury ISD,,,True,,2020-03-16,2020-03-20,False,False,False,False,False,False,False,False,,,,,,
Dawson ISD,https://www.dawsonisd.net/apps/news/article/1182738,,False,,2020-03-16,2020-03-20,False,False,False,False,False,False,False,False,,,,,,
Dayton ISD,https://s3.amazonaws.com/scschoolfiles/552/grab_and_go_meals_engspan.pdf,Details:  Parents,False,Dr. E. R. Richter Elementary School,2020-03-16,2020-03-20,False,True,True,False,True,False,False,False,9:30 AM,12:30 PM,,,,
Deer Park ISD,https://www.facebook.com/dpisd,,False,Where:,2020-03-16,2020-04-10,False,True,True,False,True,False,False,False,,,,,,
Del Valle ISD,https://www.dvisd.net/coronavirus/,,False,,2020-03-23,2020-04-05,False,False,False,False,False,False,True,False,,,,,,
Denison ISD,https://www.denisonisd.net/covid-19,Details:  All Denison ISD students are welcome to participate in this free breakfast and lunch program.,False,Scott Middle School,2020-03-16,2020-04-03,False,True,True,False,False,True,False,False,7:30 AM,9:30 AM,11:00 AM,1:30 PM,,
Denton ISD,https://www.dentonisd.org/meals?fbclid=IwAR1l6BA7KVphKcvTcy38Qv1PwslqIHwjiFvfTb8ZMQyp48ixxPsLojWOEQI,Details:  Any student is eligible for service and a student ID is not required. Please use the caferteria entrance at each campus. All other entrances will be closed. The meals will be served,False,"Bell Elementary, Alexander Elementary, Nelson Elementary, Ginnings Elementary, Cross Oaks Elementary, Evers Park Elementary, Harpool Middle School, Rivera Elementary, Navo Middle School, Borman Elementary, Hodge Elementary, Calhoun Middle School, Pecan Creek Elementary, McMath Middle School, Myers Middle School",2020-03-16,2020-04-03,False,True,True,False,False,True,False,False,8:00 AM,9:00 AM,12:00 PM,1:00 PM,,
DeSoto ISD,"www.DeSotoISD.org/Coronavirus.
https://www.dentonisd.org/meals?fbclid=IwAR1l6BA7KVphKcvTcy38Qv1PwslqIHwjiFvfTb8ZMQyp48ixxPsLojWOEQI",Details:  The packaged meals will be distributed from,False,"The Meadows Elementary, Frank D. Moates Elementary, DeSoto High School",2020-03-01,2021-03-01,True,True,True,False,True,False,False,False,9:00 AM,1:00 PM,,,,
Detriot ISD,https://www.detroiteagles.net/17495?articleID=50285,,False,,2020-03-16,2020-03-20,False,False,False,False,False,False,False,False,,,,,,
D'Hanis ISD,,Details: This service will be a,False,Cafeteria,2020-03-16,2020-03-20,False,False,False,False,False,True,False,False,7:30 AM,8:30 AM,11:00 AM,12:00 PM,,
Diboll ISD,http://www.dibollisd.com/apps/news/article/1185759,Details:  Anyone,False,Where:,2020-03-16,2020-03-20,False,True,True,False,True,False,False,False,,,,,,
Dickinson ISD,https://www.facebook.com/dickinsonschools,Details:  Meals set up in the drop-off,False,Dickinson High School,2020-03-16,2020-04-10,False,True,True,False,True,False,False,False,11:00 AM,12:00 PM,,,,
Douglas ISD,https://www.douglassisd.com/,,False,,2020-03-16,2020-03-20,False,False,False,False,False,False,False,False,,,,,,
Duncanville ISD,https://www.duncanvilleisd.org/Page/16336,,False,,2020-03-01,2021-03-01,True,False,False,False,False,False,False,False,,,,,,
Eagle Mountain-Saginaw ISD,https://www.emsisd.com/site/default.aspx?PageType=3&DomainID=1&ModuleInstanceID=13660&ViewID=6446EE88-D30C-497E-9316-3F8874B3E108&RenderLoc=0&FlexDataID=84914&PageID=1,Details:  Students,False,"Northbrook Elementary, Gilland Elementary, Saginaw Elementary, Dozier Elementary, Highland Middle School, Marine Creek Middle School",2020-03-16,2020-04-07,False,True,True,False,True,False,False,False,11:00 AM,1:00 PM,,,,
Eagle Pass,https://www.eaglepassisd.net/covid19,,False,,2020-03-16,2020-03-20,False,False,False,False,False,False,False,False,,,,,,
Early ISD,,,False,,2020-03-16,2020-03-20,False,False,False,False,False,False,False,False,,,,,,
East Central ISD,,,False,,2020-03-16,2020-03-20,False,False,False,False,False,False,False,False,,,,,,
East Chambers ISD,https://www.eastchambers.net/News/11659#sthash.PyoiUOcl.dpbs,Details:  You may drive through the connecting road between Buccaneer and School Road where the Dome Cafeteria. We will provide curbside service supplying you with a breakfast and a lunch for each of your children from,False,East Champers ISD,2020-03-16,2020-03-20,False,True,True,True,True,False,False,False,7:15 AM,10:00 AM,11:00 AM,1:00 PM,,
Ector County ISD,https://www.ectorcountyisd.org,Details: This program and these meals are for students only. Families can pick up meals for all children under the age of,True,"Odessa High School, Permian High School, New Tech Odessa, Bonham Middle, Bowie Middle, Crockett Middle, Wilson Young Medal of Honor Middle, Nimitz Middle, Ector College Prep Academy, Alamo Elementary, Austin Elementary, Burleson Elementary, Burnet Elementary, Cameron Elementary, Dowling Elementary, Goliad Elementary, Gonzalez Elementary, Hays Elementary, Sam Houston Elementary, Ireland Elementary, Lamar Early Education, Pease Elementary, Reagan Elementary, Ross Elementary, San Jacinto Elementary, Travis Elementary, Zavala Elementary, Noel Elementary, Blanton Elementary, Murry Fly Elementary, Blackshear",2020-03-16,2020-03-27,False,True,True,False,True,False,False,False,7:30 AM,9:00 AM,11:30 AM,1:00 PM,,
Edcouch-Elsa ISD,,,False,,2020-03-16,2020-03-20,False,False,False,False,False,False,False,False,,,,,,
Eden ISD,http://www.edenisd.net,,False,Where:,2020-03-16,2020-03-20,False,True,True,False,False,True,False,False,10:00 AM,11:00 AM,11:30 AM,12:30 PM,,
Edinburg C.I.S.D.,https://www.earlyisd.net,,False,,2020-03-16,2020-03-20,False,False,False,False,False,False,False,False,,,,,,
Elgin ISD,https://www.elginisd.net/cms/lib6/TX01917830/Centricity/Domain/4/20200316%20Covid19_Parents.pdf,,False,,2020-03-16,2020-04-05,False,False,False,False,False,False,False,False,,,,,,
El Paso Academy,https://www.elpacademy.com/,,False,,2020-03-23,2020-04-05,False,False,False,False,False,False,False,False,,,,,,
El Paso ISD,,Details:.,False,TBA,2020-03-16,2020-04-03,False,False,False,False,False,False,True,False,,,,,,
El Paso Leadership Academy,http://www.epleadershipacademy.org/el-paso-leadership-academy-epla-regarding-covid-19-coronavirus/,,False,,2020-03-23,2020-03-27,False,False,False,False,False,False,True,False,,,,,,
Ennis ISD,https://www.ennis.k12.tx.us/,,False,,2020-03-16,2020-03-20,False,False,False,False,False,False,False,False,,,,,,
Etoile ISD,http://www.etoile.esc7.net/?PageName=LatestNews&Section=LatestNews&ItemID=557476&ISrc=School&Itype=News,,False,,2020-03-16,2020-03-20,False,False,False,False,False,False,False,False,,,,,,
Eustace ISD,https://www.eustaceisd.net/,,False,,2020-03-16,2020-03-20,False,False,False,False,False,False,False,False,,,,,,
Evant ISD,,,False,,2020-03-16,2020-03-20,False,False,False,False,False,False,False,False,,,,,,
Everman ISD,https://www.eisd.org/,Details: For all children,True,E. Ray Elementary,2020-03-16,2020-04-03,False,False,True,False,False,True,False,False,11:30 AM,1:00 PM,,,,
Excelsior ISD,https://excelsiorisd.weebly.com/,,False,,2020-03-16,2020-03-20,False,False,False,False,False,False,False,False,,,,,,
Fabens ISD,https://www.fabensisd.net/,Details: Breakfast and lunch will be provided to all students and children,False,Fabens High School Cafeteria,2020-03-23,2020-04-04,False,True,True,False,False,True,False,False,7:30 AM,9:00 AM,11:00 AM,1:00 PM,,
Falls City ISD,https://www.fcisd.net/,,False,,2020-03-16,2020-03-20,False,False,False,False,False,False,False,False,,,,,,
FairField ISD,https://www.fairfieldisd.net/,,False,,2020-03-16,2020-03-20,False,False,False,False,False,False,False,False,,,,,,
Fort Bend ISD,https://www.facebook.com/FortBendISD/,,False,Where:,2020-03-16,2020-04-10,False,True,True,False,True,False,False,False,7:30 AM,9:00 PM,11:30 AM,1:00 PM,,
Fort Worth ISD,https://www.fwisd.org/site/default.aspx?PageType=3&DomainID=6638&ModuleInstanceID=1326&ViewID=6446EE88-D30C-497E-9316-3F8874B3E108&RenderLoc=0&FlexDataID=60848&PageID=23622,Details: Breakfast and lunch will be provided to all students and children,False,,2020-03-16,2020-04-10,False,True,True,False,False,True,False,False,,,,,,
Frankston ISD,https://www.frankstonisd.net/,,False,,2020-03-16,2020-03-20,False,False,False,False,False,False,False,False,,,,,,
Friendswood ISD,https://myfisd.com/covid-19/,Details:  Meals consist of a packaged lunch and a breakfast meal for the next day.,False,Bales,2020-03-16,2020-04-10,False,True,True,False,True,False,False,False,10:30 AM,12:30 PM,,,,
Frisco ISD,https://docs.google.com/forms/d/e/1FAIpQLSesmr4h7Ow70T-fDECCfXGREegA-bzMiwI69OMXcqE_aYTaHw/viewform?fbclid=IwAR1KbucVYkybGM9vo6B_QMV1Ycg4ZFoc1H7QKSTfLUYgXBUK6UYYWPBBen0,Details: Frisco ISD will be providing FREE,False,"Where:Hunt Middle School, Lawler Middle School, Pearson Middle School, Roach Middle School, Scoggins Middle School, Trent Middle School",2020-03-16,2020-04-03,False,True,True,False,False,True,False,False,11:30 AM,12:30 PM,,,,
Ft. Hancock ISD,http://www.fhisd.net/cms/One.aspx?portalId=252566&pageId=13219014&fbclid=IwAR0tB5zE5f-ogfS36tREWrZSPD41O-dvtTUbt-UeFqW2i0UQNfj_hYRhu3o ,,False,,2020-03-23,2020-03-27,False,False,False,False,False,False,False,False,,,,,,
Galena Park ISD,https://www.galenaparkisd.com/,Details: Meals will be distributed near the bus ramp of each designated campus,False,"Woodland Acres Elementary, Sam Houston Elementary, Dr. Shirley J. Williamson Elementary, North Shore Middle School",2020-03-16,2020-04-10,False,True,True,False,True,False,False,False,7:30 AM,9:00 AM,10:45 AM,12:15 PM,,
Galveston ISD,https://www.gisd.org/site/Default.aspx?PageID=10885,,False,Mondays,2020-03-16,2020-04-10,False,True,True,False,True,False,False,False,11:00 AM,12:30 PM,,,,
Garland ISD,https://www.garlandisd.net/node/11257#CV19meals,Details: Students or families may walk up or remain in their cars to pick up meals curbside at the front of designated campus sites. One meal will be provided for each child who is present and under,False,"Back Elementary School, Coyle Middle School, Dorsey Elementary School, Giddens",2020-03-16,2020-04-03,False,False,False,False,True,True,False,False,8:00 AM,9:00 AM,12:00 PM,1:00 PM,,
Gatesville ISD,https://www.facebook.com/pg/Gatesvilleisd/posts/?ref=page_internal,Details: Students in any grade may go to either of those locations and receive a sack meal.,False,Primary and Elementary Campus Parking Lots,2020-03-16,2020-03-20,False,True,True,True,False,True,False,False,,,,,,
Georgetown ISD,https://www.georgetownisd.org/coronavirus,,False,,2020-03-15,2020-04-03,False,False,False,False,False,False,False,False,,,,,,
Giddings ISD,https://www.giddingsisd.net/article/208727?org=giddings-isd,,False,,2020-03-16,2020-03-20,False,False,False,False,False,False,False,False,,,,,,
Gilmer ISD,https://www.gilmerisd.org/,,False,,2020-03-16,2020-03-20,False,False,False,False,False,False,False,False,,,,,,
Gladewater ISD,http://www.gladewaterisd.com/page/article/230,,False,,2020-03-16,2020-03-27,False,False,False,False,False,False,False,False,,,,,,
Goose Creek CISD,,,False,"Where:Alamo, Ashbel Smith, Austin, Ba",2020-03-16,2020-04-10,False,True,True,False,False,True,False,False,10:00 AM,1:00 PM,,,,
Grand Prairie ISD,https://www.gpisd.org/HealthUpdates?fbclid=IwAR3ui_hubtt2ISC_zxrUVw0ffLAHZhc76siCwPZQm0D5REBboRO2qUJ7ins,Details: Beginning Tuesday,True,Not Specified,2020-03-17,2020-03-20,False,True,True,False,True,False,False,False,7:00 AM,8:00 AM,10:30 AM,12:00 PM,,
Grand Saline ISD,http://www.grandsalineisd.net/page/article/17,,False,,2020-03-16,2020-03-20,False,False,False,False,False,False,False,False,,,,,,
Grape Creek ISD,http://www.grapecreekisd.net,Details: Regular education routes,False,"Grape Creek Elementary, Grape Creek Middle, Grape Creek Administration Parking Lot",2020-03-16,2020-03-27,False,True,True,False,False,True,False,True,8:00 AM,9:00 AM,11:30 AM,12:30 PM,,
Grapeland ISD,,,False,,2020-03-16,2020-03-20,False,False,False,False,False,False,False,False,,,,,,
Grapevine-Colleyville ISD,https://www.gcisd.net/cms/One.aspx?portalId=96313&pageId=29559978,Details: Bagged lunch,False,"Grapevine Middle School, Timberline Elementary, and Bear Creek Elementary School",2020-03-16,2020-04-03,False,True,True,False,True,False,False,False,11:00 AM,12:00 PM,,,,
Grosebeck ISD,https://www.groesbeckisd.net/,,False,,2020-03-16,2020-03-27,False,False,False,False,False,False,True,False,,,,,,
Gunter ISD,https://www.gunterisd.org/site/default.aspx?PageType=3&DomainID=4&ModuleInstanceID=3758&ViewID=6446EE88-D30C-497E-9316-3F8874B3E108&RenderLoc=0&FlexDataID=6217&PageID=1,Details: Will include lunch for that day and breakfast for the next day.,False,Drive through elementary school car line,2020-03-16,2020-04-03,False,True,True,False,True,False,False,False,11:00 am,1:00 pm,,,,
Hallsville ISD,https://www.hisd.com/Page/8249,Details: Hallsville ISD will be handing out sack lunches in front of Hallsville High School for students. PLEASE HAVE YOUR STUDENT ID NUMBERS when picking up lunches.,False,Hallsville High School,2020-03-16,2020-03-20,False,False,True,False,False,True,False,False,10:00 AM,12:00 PM,,,,
Hardin ISD,,,False,,2020-03-16,2020-03-20,False,False,False,False,False,False,False,False,,,,,,
Harlandale ISD,,,False,,2020-03-16,2020-03-20,False,False,False,False,False,False,False,False,,,,,,
Harleton ISD,https://www.hisd.com/Page/8249,,False,,2020-03-16,2020-03-27,False,False,False,False,False,False,False,False,,,,,,
Harmonay Science Academy - ALL Statewide,https://www.harmonytx.org/apply/?gclid=CjwKCAjwgbLzBRBsEiwAXVIygHMPgEnWwQ_wrMs9N4VNAgoLwd6ge8_pQoN5iGM1zUJgeKo544C4RRoC_gsQAvD_BwE,,False,,2020-03-16,2020-03-30,False,False,False,False,False,False,False,False,,,,,,
Harmony ISD,https://www.harmonyisd.net/,,False,,2020-03-16,2020-03-20,False,False,False,False,False,False,False,False,,,,,,
Hays CISD,https://www.hayscisd.net/Page/11181,,False,,2020-03-16,2020-04-05,False,False,False,False,False,False,False,False,,,,,,
Hempstead ISD,,,False,Hempstead Elementary,2020-03-16,2020-04-10,False,True,True,False,True,False,False,False,9:00 AM,11:30 AM,9:00 am,10:10 am,10:25 am,11:30 am
Henderson ISD,,,False,,2020-03-16,2020-03-24,False,False,False,False,False,False,False,False,,,,,,
Hitchcock ISD,https://www.hitchcockisd.org/,Details:  A bus will be parked in front of each location,False,"KFHS Parking Lot, Crosby Middle School",2020-03-16,2020-03-20,False,False,False,False,False,True,False,False,10:30 AM,11:30 AM,2:30 PM,3:30 PM,,
Hondo ISD,https://www.hondoisd.net/,,False,,,,False,False,False,False,False,False,True,False,,,,,,
Honey Grove ISD,https://www.honeygroveisd.net/,Details:  Child must be present for pickup. Drive thru the elementary pick up line.,False,Elementary School,2020-03-16,2020-04-03,False,True,True,False,True,False,False,True,9:30 AM,11:00 AM,,,,
Houston ISD,https://www.houstonisd.org/healthalerts,,False,,2020-03-13,2020-04-10,False,False,False,False,False,False,False,False,,,,,,
Huffman ISD,https://www.huffmanisd.net/,,False,HES in the back at Copeland cafeteria area,2020-03-13,2020-04-10,False,True,True,False,True,False,False,False,,,,,,
Hughes Springs ISD,https://www.hsisd.net/page/COVID19,,False,,2020-03-16,2020-03-20,False,False,False,False,False,False,False,False,,,,,,
Hull-Daisetta ISD,,,False,,2020-03-16,2020-03-20,False,False,False,False,False,False,False,False,,,,,,
Humble ISD,https://www.humbleisd.net/site/default.aspx?PageType=3&ModuleInstanceID=174671&ViewID=7b97f7ed-8e5e-4120-848f-a8b4987d588f&RenderLoc=0&FlexDataID=355948&PageID=111376,Details:  Reservations are not required but are appreciated. They can be submitted through the school website.,False,"Elm Grove Elementary School, Oaks Elementary School, Ridge Creek Elementary School, River Pines Elementary School, Humble Middle School, and Ross Sterling Middle School",2020-03-16,2020-04-10,False,True,True,False,True,False,False,False,10:00 AM,11:00 AM,,,,
Huntington ISD,https://www.huntingtonisd.com/apps/news/article/1184419,,False,,2020-03-16,2020-03-20,False,False,False,False,False,False,False,False,,,,,,
Hurst-Euless-Bedford ISD,https://www.hebisd.edu/coronavirus?fbclid=IwAR1OzK5Tmb6-Hqax4AOKWTrVhrOBqb6PXmB0VDKjDUNSXf2vZ-dTRlzPNbc,Details: HEB ISD will offer free breakfast and lunch for all children,True,"Bellaire Elementary, Midway Park Elementary, Oakwood Terrace Elementary, Stonegate  Elementary, West Hurst Elementary, Hurst Junior High",2020-03-16,2020-04-03,False,True,True,False,True,False,False,False,8:00 AM,9:00 AM,11:00 AM,12:00 PM,,
Irion County ISD,https://www.irion-isd.org,,False,,2020-03-16,2020-03-27,False,False,False,False,False,False,False,False,,,,,,
Irving ISD,https://www.irvingisd.net/coronavirus,Details: Free,False,"Bowie, Crockett, Houston and Lamar Middle Schools as well as Keyes and Lee Elementary Schools",2020-03-24,2020-04-03,False,False,True,False,True,False,False,False,10:00 AM,1:00 PM,,,,
Italy ISD,http://www.italyisd.org/news/spring-break-extended-through-march-20,,False,,2020-03-16,2020-03-27,False,False,False,False,False,False,True,False,,,,,,
Jacksboro ISD,https://www.jacksboroisd.net/,,False,,2020-03-01,2021-03-01,True,False,False,False,False,False,False,False,,,,,,
Jacksonville ISD,https://www.jisd.org/,,False,,2020-03-16,2020-03-20,False,False,False,False,False,False,False,False,,,,,,
Jourdanton ISD,https://www.jourdantonisd.net/,Details: JISD will be providing curbside meals to any child,False,ECC Cafeteria Side Doors,2020-03-16,2020-03-20,False,True,True,False,True,False,False,False,8:00 AM,9:00 Am,11:00 AM,12:00 PM,,
Jubilee Academies,,,False,,2020-03-16,2020-03-20,False,False,False,False,False,False,False,False,,,,,,
Judson ISD,,,False,,2020-03-16,2020-03-20,False,False,False,False,False,False,False,False,,,,,,
Junction ISD,https://www.junctionisd.net,,False,,2020-03-16,2020-03-20,False,False,False,False,False,False,True,False,,,,,,
Katy ISD,http://www.katyisd.org/Pages/default.aspx,Details: School breakfast and lunches will be offered to all Katy area children ages,False,"Bear Creek Elementary, Bethke Elementary, Golbow Elementary, Hutsell Elementary, Mayde Creek Elementary, Memorial Parkway Elementary, Sundown Elementary, West Memorial Elementary, Williams Elementary,",2020-03-16,2020-04-13,False,True,True,False,True,False,False,False,9:00 AM,11:30 AM,,,,
Kaufman ISD,https://www.kaufmanisd.net/district/district-news,Details: Starting Monday,False,Kaufman High School,2020-03-23,2020-04-03,False,True,True,False,False,True,False,True,8:00 AM,9:00 PM,11:00 AM,12:30 PM,11:00 AM,12:30 PM
Keller ISD,https://www.kellerisd.net/site/default.aspx?PageType=3&DomainID=88&ModuleInstanceID=370&ViewID=6446EE88-D30C-497E-9316-3F8874B3E108&RenderLoc=0&FlexDataID=70626&PageID=288&fbclid=IwAR3Lls5nhusnsJa4e-pdATykuhKqJ-ew2tYph3SDf9EbH_NHg0OEuLsCy98,Details: Meals will be served curbside at these,False,"Basswood Elementary School, Bluebonnet Elementary School, Caprock Elementary School, Eagle Ridge Elementary School, Friendship Elementary School, Heritage Elementary School, Keller",2020-03-16,2020-04-03,False,True,True,False,True,False,False,False,10:30 AM,1:00 PM,,,,
Kennard ISD,,,False,,2020-03-16,2020-03-20,False,False,False,False,False,False,False,False,,,,,,
Kerens ISD,https://www.kerensisd.org/,,False,,2020-03-16,2020-03-20,False,False,False,False,False,False,False,False,,,,,,
Kilgore ISD,https://www.kisd.org/apps/news/article/1184836,,False,,2020-03-16,2020-03-20,False,False,False,False,False,False,False,False,,,,,,
Killeen ISD,,,False,,2020-03-16,2020-03-20,False,False,False,False,False,False,False,False,,,,,,
KIPP Texas ,https://kipptexas.org/kipp-texas-school-buildings-closed-march-23-27/,,False,,2020-03-23,2020-03-27,False,False,False,False,False,False,False,False,,,,,,
Klein ISD,https://kleinisd.net/cms/One.aspx?portalId=568125&pageId=1974168,Details:  Each child will receive a week,False," Hildebrant Intermediate, Klein Annex, Strack Intermediate, Klein Intermediate, Wunderlich Intermediate, Wunderlick Intermediate",2020-03-16,2020-03-20,False,True,True,False,True,False,False,False,,,,,,
Knippa ISD,https://www.knippaisd.net/ ,,False,,2020-03-18,2020-03-30,False,False,False,False,False,False,False,False,,,,,,
La Porte ISD,https://www.lpisd.org/,Details: The meals will be handed out drive-thru style to all children who are,True,James H. Baker Sixth Grade Campus,2020-03-16,2020-03-20,False,True,True,False,True,False,False,False,7:30 AM,9:00 AM,11:00 AM,12:30 PM,,
La Vega ISD,https://www.lavegaisd.org/apps/news/article/1185268,Details: Anyone under,False,Every District Campus,2020-03-16,2020-03-27,False,True,True,False,True,False,False,False,6:30 AM,8:30 AM,11:00 AM,1:00 PM,,
Lake Dallas ISD,https://www.ldisd.net/Page/7308,Details: Lake Dallas ISD will provide free meals for all students,False,Lake Dallas Elementary School,2020-03-24,2020-04-03,False,True,True,False,True,False,False,False,7:30 AM,9:00 AM,11:30 AM,1:00 PM,,
Lake Worth ISD,https://www.facebook.com/lwisd/photos/a.805483662806332/2930856560269021/?type=3&theater,Details: Meals will be located at the front of each school during these times. To provide additional support to our families during this time Child Nutrition wil offer Grab and Go Lunch and Breakfast,False,,2020-03-16,2020-04-03,False,True,True,False,True,False,False,False,11:00 AM,12:30 PM,,,,
Lamar CISD,https://www.lcisd.org/about/lamar-cisd-covid-19-coronavirus-updates?fbclid=IwAR0iAaYppEZOwo8yIvIwdWKZNbWn_RwjBwLtGcRHMxO88cV4Jk9zwm3flqA,Details: These meals will be available for free for anyone,False,"Beasley Elementary, Foster High School, Fulshear High School, George Ranch High School, Lamar Consolidated High School,",2020-03-16,2020-03-20,False,True,True,False,True,True,False,False,,,,,,
Lancaster ISD,https://www.lancasterisd.org/Page/1187,Details: Lancaster ISD will provide FREE drive-thru or curbside meals at Lancaster High School between,False,Lancaster High School,2020-03-16,2020-04-03,False,True,True,False,True,False,False,False,,,,,,
La Pryor ISD,https://www.facebook.com/profile.php?id=100013659931969,Details: The meals are for all children ages,True,Unspecified,2020-03-16,2020-03-20,False,True,True,False,True,False,False,False,7:30 AM,8:45 AM,11:00 AM,12:30 PM,,
Latexo ISD,,,False,,2020-03-16,2020-03-20,False,False,False,False,False,False,False,False,,,,,,
La Vernia ISD,https://www.lvisd.org/Page/3634,Details: All current LVISD students are welcome to use this service,False,Intermediate School Bus Lane,2020-03-16,2020-04-03,False,True,True,False,True,False,False,False,7:30 AM,8:00 AM,11:00 AM,12:00 PM,,
Leander ISD,https://news.leanderisd.org/leander-isd-to-suspend-normal-school-operations-for-2-weeks-through-april-5/?fbclid=IwAR26eLXvdRc2af7DzkFlwHCoidQhS3okWhgFSb9mB0OSUjz0faugwYBQDRE,Details: We will provide free,False,"Bagdad Elementary School, Reed Elementary School, River Place Elementary School, and Running Brushy Middle School",2020-03-16,2020-04-03,False,True,True,False,True,False,False,False,7:30 AM,9:00 AM,12:00 PM,1:30 PM,,
Leonard ISD,https://www.leonardisd.net/,Details: Leonard ISD Child Nutrition Department will be offering FREE Sack Lunch Meals FREE to all kids,False,Elementary School,2020-03-16,2020-04-03,False,False,True,False,True,False,False,False,,,,,,
Leveretts Chapel ISD,https://www.leverettschapelisd.net/,,False,,2020-03-16,2020-03-20,False,False,False,False,False,False,False,False,,,,,,
Lewisville ISD,https://www.google.com/maps/d/u/0/viewer?ll=33.114803407080096%2C-97.03214127612307&z=12&mid=12kXyIkumC2AnfvbfkSJ5y__MHPfT_E8s,Details: Free drive-up grab,False,"Mill Street Elementary, Southridge Elementary, Peters Colony Elementary, Lewisville High School, Vickery Elementary, DeLay Middle School, LISD STEM Academy at Polser, Huffines Middle School",2020-03-23,2020-04-03,False,True,True,False,True,False,False,False,7:30 AM,8:30 AM,11:00 AM,12:30 PM,,
Liberty - Eylau ISD,https://s3.amazonaws.com/scschoolfiles/736/covid-19_letter.pdf,,False,,2020-03-16,2020-03-20,False,False,False,False,False,False,False,False,,,,,,
Liberty Hill ISD,,,False,,2020-03-16,2020-03-20,False,False,False,False,False,False,False,False,,,,,,
Liberty ISD,https://www.libertyhill.txed.net/site/default.aspx?PageType=3&DomainID=4&ModuleInstanceID=60&ViewID=6446EE88-D30C-497E-9316-3F8874B3E108&RenderLoc=0&FlexDataID=4718&PageID=1,Details: Meal pickup will be at the bus drop-off lane on the west side of the school.,False,Liberty Middle School,2020-03-16,2020-03-20,False,False,True,False,True,False,False,False,10:00 AM,1:00 PM,,,,
Lindale ISD,https://fbc7e898-3f1e-430c-aa81-678d417f5016.filesusr.com/ugd/8f47a8_d2b180cd4f8c40ad8aed64a260f88605.pdf,,False,,2020-03-16,2020-03-20,False,False,False,False,False,False,False,False,,,,,,
Linden - Kildare,https://www.lkcisd.net/264247_2,Details: We will run a trial meal plan on Tuesday,False,Junior High Campus,2020-03-16,2020-03-20,False,True,True,False,False,True,False,False,7:30 AM,9:00 AM,11:00 AM,1:00 PM,,
Livingston ISD,,Details: Meals will be offered through the Cedar Grove Elementary car rider line for all district students.,False,Cedar Grove Elementary,2020-03-16,2020-03-20,False,True,True,False,True,False,False,False,7:00 AM,8:00 AM,11:00 AM,1:00 PM,,
Lockhart ISD,"http://lockhartisd.org/UserFiles/Servers/Server_89742/File/News/Message%20from%20the%20Superintendent%20_%20March%2016,%202020.pdf?fbclid=IwAR0y30oH7V86tHC0MYQoZHLhvaT-yAM80oYj89zLA06CO1QTvB3-OrDHUhs",Details: Simply drive up to the pickup site and child nutrition staff will hand you meals through the car window. For those who do not drive and need to walk to pick up the meal,False,Each school campus in the district,2020-03-16,2020-04-03,False,True,True,False,True,False,False,True,7:30 AM,8:30 AM,11:00 AM,1:00 PM,,
Longview ISD,http://w3.lisd.org/,Details: Any child that attends LISD and comes to these campuses will be given two meals. All students will need to present their ID number when they pick up meals and this will happen in the back of the campus,False,"Longview High School, Forest Park Middle School, South Ward, Ware, Foster Middle School, Bramlette STEAM Academy, J.L. Everhart and Judson STEAM Academy.",2020-03-16,2020-03-27,False,True,True,False,False,True,False,True,10:00 AM,12:00 PM,,,,
Lorena ISD,https://docs.google.com/forms/d/e/1FAIpQLSf_K1WuhWeXNO7tOWCal2NgSGai_q8a_hJqg-Y9_cq__vzFXQ/viewform,,False,Primary School campus,2020-03-16,2020-03-27,False,True,True,False,True,False,False,False,9:00 AM,11:30 AM,,,,
Lovejoy ISD,,,False,,2020-03-16,2020-03-20,False,False,False,False,False,False,False,False,,,,,,
Lufkin ISD,https://www.lufkinisd.org/category/lufkin-isd/,Details: Meals will be served through pick-up only. Students age,False,"Lufkin High School, Brandon Elementary or Slack Elementary",2020-03-16,2020-03-20,False,True,True,False,False,True,False,False,7:30 AM,9:30 AM,11:30 AM,1:30 AM,,
Lytle ISD,https://www.lytleisd.org/,Details: Both breakfast and lunch meals are provided once daily. For the safety of all,False,"Primary,  Elementary, Junior High or High Schools",2020-03-16,2020-03-20,False,True,True,False,True,False,False,False,11:00 AM,1:00 PM,,,,
Magnolia ISD,https://www.magnoliaisd.org/apps/news/article/1184405?fbclid=IwAR3TPhH1OjBLqOwXxz2GzM3S5lepnWcrbpL-n4kFAwqjZFemLITo_L-6XmI,,True,Magnolia Elementary School,2020-03-16,2020-03-20,False,True,True,False,True,False,False,False,9:00 AM,11:00 AM,,,,
Malakof ISD,https://www.malakoffisd.org/,,False,,2020-03-16,2020-03-20,False,False,False,False,False,False,False,False,,,,,,
Malone ISD,https://www.maloneisd.org/34074?articleID=50400,,False,,2020-03-16,2020-03-20,False,False,False,False,False,False,False,False,,,,,,
Manor ISD,https://www.facebook.com/manorisd/,Details: Curbside lunch meals will be provided for each child in the vehicle. Families are advised to stay in their cars and not enter buildings during meal pick up. Meals will be provided Monday through Friday starting on March,False,"Manor New Tech High School, Blake Manor Elementary and Decker Elementary",2020-03-16,2020-03-27,False,False,True,False,True,False,False,False,11:00 AM,12:30 PM,,,,
Mansfield ISD,https://resources.finalsite.net/images/v1584154338/mansfieldisd/usshuxy5mxizmg4eqfau/MISDCoronavirusClosureDetails-March13.pdf,Details: Free healthy,True,"Glenn Harmon Elementary School, D.P. Morris Elementary School, Annette Perry Elementary School, Mary Jo Sheppard Elementary School, Della Icenhower Intermediate School, Danny Jones Middle School",2020-03-16,2020-04-03,False,False,True,False,True,False,False,False,11:00 AM,12:00 PM,,,,
Marlin ISD,https://www.marlinisd.org/,,False,,2020-03-16,2020-03-20,False,False,False,False,False,False,True,False,,,,,,
Marion ISD,http://www.marionisd.net/,,False,,2020-03-16,2020-03-20,False,False,False,False,False,False,False,False,,,,,,
Marshall ISD,https://www.marshallisd.com/news/district_news/district_closed,,False,,2020-03-16,2020-03-20,False,False,False,False,False,False,False,False,,,,,,
Martinsville ISD,http://www.martinsvilleisd.com/,,False,,2020-03-16,2020-03-20,False,False,False,False,False,False,False,False,,,,,,
Mason  ISD,http://www.masonisd.net,,False,,2020-03-16,2020-03-20,False,False,False,False,False,False,False,False,,,,,,
Matagorda ISD,,,False,,2020-03-16,2020-03-20,False,False,False,False,False,False,True,False,,,,,,
May ISD,http://www.mayisd.com,,False,,2020-03-16,2020-03-20,False,False,False,False,False,False,False,False,,,,,,
McAllen ISD,https://www.mcallenisd.org/apps/pages/coronavirus,Details: MEALS,False,All District School Campuses,2020-03-16,2020-04-03,False,True,True,False,True,False,False,False,11:30 AM,12:30 PM,,,,
McCamey ISD,http://www.mcisd.esc18.net,Details: Meals will be available for children ages,True,McCamey Primary Driveway,2020-03-16,2020-03-20,False,True,True,False,True,False,False,False,9:00 AM,10:00 AM,11:00 AM,12:30 PM,,
McDade ISD,https://www.smithvilleisd.org/apps/pages/index.jsp?uREC_ID=186536&type=d&pREC_ID=1844358,,False,,2020-03-16,2020-04-05,False,False,False,False,False,False,False,False,,,,,,
McGregor ISD,,,False,,2020-03-16,2020-03-27,False,False,False,False,False,False,False,False,,,,,,
McKinney ISD,https://www.mckinneyisd.net/health-services-wellness/coronavirus-covid-19/,Details: Meals will be handed out in the front driveways of these schools. Free for any MISD student.,False,"Webb, Finch, McNeil, Slaughter, Vega Elementary and Malvern Elementary",2020-03-16,2020-04-03,False,True,True,False,True,False,False,False,7:30 AM,8:30 AM,11:00 AM,12:30 PM,,
McLeod ISD,http://www.mcleodisd.net/sites/mcleodisd.net/files/schoolclosuremarch1620.pdf,Details:. If you wish to pick up a meal,False,Not Specified,2020-03-16,2020-03-20,False,True,True,False,True,False,False,False,7:30 AM,9:30 AM,11:00 AM,1:00 PM,,
Meadowland Charter Districts,https://meadowlanddistrict.org/,,False,,2020-03-16,2020-03-20,False,False,False,False,False,False,False,False,,,,,,
Medina ISD,https://www.medinaisd.org/29830_1,,False,,2020-03-16,2020-03-20,False,False,False,False,False,False,False,False,,,,,,
Medina Valley ISD,https://www.mvisd.com/site/default.aspx?PageType=3&DomainID=2888&ModuleInstanceID=9305&ViewID=6446EE88-D30C-497E-9316-3F8874B3E108&RenderLoc=0&FlexDataID=19542&PageID=5793,Details:.,False,MVHS,2020-03-16,2020-03-20,False,True,True,False,True,False,False,False,7:30 AM,8:30 AM,11:00 AM,12:30 PM,,
Melissa ISD,,,False,,2020-03-16,2020-03-20,False,False,False,False,False,False,False,False,,,,,,
Menard ISD,http://www.menardisd.net,Details:. Free meal pick up for MISD students every weekday. Call,False,Elementary and Junior High,2020-03-16,2020-03-20,False,False,True,False,False,True,False,False,,,,,,
Merkel ISD,https://www.merkelisd.net,Details:. You will drive through the drop off lanes,False,Elementary Building,2020-03-16,2020-03-20,False,True,True,False,True,False,False,False,7:45 AM,8:30 AM,11:30 AM,12:30 PM,,
Mesquite ISD,https://www.mesquiteisd.org/community/coronavirus-information-and-updates?fbclid=IwAR3kabQDu3cszVCs_srBkSx32vkvZra3g6ZgdyxobMi0wcTvPaMLczCBSGo,Details: Mesquite ISD will provide FREE curbside meals to all Mesquite ISD students while schools are closed. Lunch,False,All Mesquite ISD High Schools,2020-03-16,2020-04-03,False,True,True,False,True,False,False,False,10:00 AM,12:00 PM,,,,
Mexia ISD,https://www.mexiaisd.net/article/210925?org=mexia-independent-school-district,Details:. Meals will be available for all students,False,R.Q. Sims Intermediate Canopy Line,2020-03-16,2020-03-27,False,False,True,False,True,False,False,False,11:00 AM,1:00 PM,,,,
Midland ISD,http://www.midlandisd.net,Details: Any child,False,Elementary Schools,2020-03-16,2020-03-27,False,True,True,False,True,False,False,False,7:30 AM,8:30 AM,11:30 AM,12:30 PM,,
Midway ISD,https://www.midwayisd.org/coronavirus,Details: USDA requires children to be present when picking up the food to prove the number of children you have,True,"Castleman Creek Elementary, Hewitt Elementary, Speegleville Elementary",2020-03-16,2020-03-27,False,True,True,False,True,False,False,False,8:00 AM,9:00 AM,11:00 AM,12:00 PM,,
Milano ISD,http://www.mumford.k12.tx.us/,,False,,2020-03-16,2020-03-20,False,False,False,False,False,False,False,False,,,,,,
Miles ISD,http://www.milesisd.net,,False,,2020-03-16,2020-03-20,False,False,False,False,False,False,False,False,,,,,,
Miller Grove ISD,https://www.mgisd.net/2020/03/press-release-mgisd-will-be-providing-meals-during-extended-break-for-mgisd-students/,Details: MGISD wants to do what we can to make sure that our students are getting breakfast and lunch during the week. We are offering this service to ALL students in the Miller Grove District.,False,Elementary Parking lot by the Cafeteria OR Delivered by Bus,2020-03-16,2020-03-20,False,False,False,False,False,True,False,False,9:30 AM,11:00 AM,,,,
Mineola ISD,http://www.mineolaisd.net/,,False,,2020-03-16,2020-03-20,False,False,False,False,False,False,False,False,,,,,,
Montgomery ISD,,,False,,2020-03-12,2020-03-13,False,False,False,False,False,False,False,False,,,,,,
Moody ISD,,,False,,2020-03-16,2020-03-20,False,False,False,False,False,False,False,False,,,,,,
Mount Enterprise ISD,http://www.meisd.org/,,False,,2020-03-16,2020-03-20,False,False,False,False,False,False,False,False,,,,,,
Mumford ISD,http://www.mumford.k12.tx.us/,,False,,2020-03-16,2020-03-20,False,False,False,False,False,False,False,False,,,,,,
Nacogdoches ISD,http://www.nacisd.org/news/what_s_new/n_i_s_d_offering_students_free_lunches,Details: Students age,False,Brooks,2020-03-16,2020-03-20,False,True,True,False,True,False,False,False,10:30 AM,12:00 PM,,,,
Natalia ISD,https://www.nataliaisd.net/,Details: Breakfast and Lunch kits will be provided to vehicles at the distribution sites. Kits will be one per Natalia ISD student. Each car will need to provide name and grade of each student.,False,"Jr High, Fire Department, Natalia ISD Transportation, Community Center Great Oaks, Mail Delivery turnaround at Forest Woods",2020-03-17,2020-03-20,False,True,True,False,True,False,False,False,10:00 AM,1:00 PM,,,,
Needville ISD,,,False,,2020-03-16,2020-03-20,False,False,False,False,False,False,True,False,,,,,,
New Caney ISD,https://www.newcaneyisd.org/site/default.aspx?PageType=3&DomainID=4&ModuleInstanceID=36&ViewID=6446EE88-D30C-497E-9316-3F8874B3E108&RenderLoc=0&FlexDataID=20120&PageID=1,Details:  No charge for children,False,New Caney Elementary School,2020-03-16,2020-04-17,False,True,True,False,True,False,False,False,8:30 AM,11:30 AM,,,,
New Castle ISD,https://www.newcastleisd.net/,,False,,2020-03-16,2020-03-16,False,False,False,False,False,False,False,False,,,,,,
New Diana,http://www.ndisd.org/,,False,,2020-03-16,2020-03-20,False,False,False,False,False,False,False,False,,,,,,
New Summerfield ISD,https://www.newsummerfieldisd.org/,,False,,2020-03-16,2020-03-20,False,False,False,False,False,False,False,False,,,,,,
New Waverly ISD,https://www.new-waverly.k12.tx.us/,,False,New Waverly Elementary,2020-03-16,2020-03-20,False,True,True,False,True,False,False,False,7:30 AM,8:30 AM,11:00 AM,1:00 PM,,
North East ISD,,,False,,2020-03-09,2020-03-23,False,False,False,False,False,False,False,False,,,,,,
North Hopkins ISD,https://www.northhopkins.net/18323?articleID=50305,,False,,2020-03-16,2020-03-20,False,False,False,False,False,False,False,False,,,,,,
Northside ISD,,,False,,2020-03-16,2020-03-20,False,False,False,False,False,False,False,False,,,,,,
Nueces Canyon ISD,https://www.nccisd.net,Details: Please call,False,NC Elementary,2020-03-16,2020-03-20,False,True,True,False,True,False,False,False,8:00 AM,9:00 AM,11:00 AM,12:30 PM,,
Northwest ISD,https://www.nisdtx.org/cms/One.aspx?portalId=232201&pageId=23602050,Details: During the extended break,False,"Curits Elementary, Jusitn Elementary, Love Elementary, Love Elementary, Sendera Ranch Elementary, Chisholm Trail Middle School, TIdwell Middle School",2020-03-16,2020-04-03,False,True,True,False,True,False,False,False,10:00 AM,1:00 PM,,,,
Oakwood ISD,https://www.oakwoodisd.net/article/208879?org=oakwood,,False,,2020-03-16,2020-03-20,False,False,False,False,False,False,False,False,,,,,,
Ogelsby ISD,,,False,,2020-03-16,2020-03-20,False,False,False,False,False,False,False,False,,,,,,
Ore City ISD,https://www.ocisd.net/,,False,,2020-03-16,2020-03-20,False,False,False,False,False,False,False,False,,,,,,
Overton ISD,http://www.overtonisd.net/,,False,,2020-03-16,2020-03-20,False,False,False,False,False,False,False,False,,,,,,
Paint Rock ISD,http://www.paintrockisd.net,Details: This week,False,,2020-03-16,2020-03-27,False,True,True,False,False,True,False,False,,,,,,
Panther Creek ISD,https://www.pcreek.net,Details: Orders can be placed by,False,Not Specified,2020-03-16,2020-03-20,False,False,True,False,False,True,False,False,10:30 AM,11:30 AM,,,,
Paris ISD,https://www.parisisd.net/,,False,,2020-03-16,2020-03-20,False,False,False,False,False,False,False,False,,,,,,
Pasadena ISD,https://www1.pasadenaisd.org/,,False,"J Frank Dobie High School, Sam Rayburn High School, Pasadena High School, South Houston High School, Pasadena Memorial High School",2020-03-16,2020-04-10,False,True,True,False,True,False,False,False,7:30 AM,8:30 AM,11:00 AM,12:30 PM,,
Pearland ISD,https://www.pearlandisd.org/,Details:  On Mondays,False,"Carleston Elementary, Lawhon Elementary, PACE Center",2020-03-16,2020-04-10,False,True,True,False,True,False,False,False,11:00 AM,12:30 PM,,,,
Perrin-Whitt ISD,https://s3.amazonaws.com/scschoolfiles/1509/covid19.pdf ,,False,,2020-03-16,2020-03-20,False,False,False,False,False,False,False,False,,,,,,
Pflugerville ISD,http://www.pfisd.net/site/Default.aspx?PageID=7656,,False,,2020-03-16,2020-03-27,False,False,False,False,False,False,False,False,,,,,,
Pine Tree ISD,http://www.ptisd.org/,,False,,2020-03-16,2020-03-27,False,False,False,False,False,False,False,False,,,,,,
Pittsburg ISD,https://www.pittsburgisd.net/,Details: Pickup at the High School,False,High School cafeteria or the Elementary,2020-03-16,2020-03-20,False,True,True,False,True,False,False,False,8:00 AM,9:00 AM,11:00 AM,12:30 PM,,
Plano ISD,https://www.pisd.edu/Page/22423,Details:Plano ISD is currently providing free grab-and-go breakfast and lunch meals at several locations across the district. Armstrong Middle School,False,"Armstrong Middle School, Daffron, Huffman, Meadows, Haggar, Sigler, and Thomas Elementaries.",2020-03-16,2020-04-03,False,True,True,False,True,False,False,False,7:30 AM,8:30 AM,11:00 AM,12:30 PM,,
Pleasonton ISD,https://www.pisd.us/apps/pages/index.jsp?uREC_ID=1694901&type=d&pREC_ID=1854518,Details: Curbside Student Meals will be provided at Pleasanton Junior High Campus Only,False,Pleasanton Junior High,2020-03-16,2020-03-20,False,True,True,False,True,False,False,False,8:30 AM,10:00 AM,12:00 PM,1:30 PM,,
Poth ISD,https://www.pothisd.us/,Details: This will be a drive by pick up. Children must,False,Front of Poth ISD Cafeteria,2020-03-16,2020-03-20,False,True,True,False,True,False,False,False,8:00 AM,9:00 AM,11:00 AM,12:30 PM,,
Port Arthur ISD,,,False,,2020-03-01,2021-03-01,True,False,False,False,False,False,True,False,,,,,,
Poteet ISD,http://ww1.poteetisd.org/district/,Details: Children under the age of,False,IMS Pickup,2020-03-17,2020-03-20,False,False,False,False,True,False,False,False,9:00 AM,1:00 PM,,,,
Prairieland ISD,https://www.prairiland.net/,,False,,2020-03-16,2020-03-20,False,False,False,False,False,False,False,False,,,,,,
Princeton ISD,,,False,,2020-03-16,2020-03-20,False,False,False,False,False,False,False,False,,,,,,
Pro-Vision Academy School,,,False,,2020-03-13,2020-03-30,False,False,False,False,False,False,False,False,,,,,,
Prosper ISD,,,False,,2020-03-16,2020-03-20,False,False,False,False,False,False,False,False,,,,,,
Rains ISD,https://www.rainsisd.org/14134_1,,False,,2020-03-16,2020-03-20,False,False,False,False,False,False,False,False,,,,,,
Ranch Academy,https://www.raschools.com/,,False,,2020-03-16,2020-03-20,False,False,False,False,False,False,False,False,,,,,,
Rankin ISD,,,False,,2020-03-16,2020-03-20,False,False,True,False,False,True,False,False,,,,,,
Rice ISD,https://www.rice-isd.org/,Details: Students grades Pre-K through,False,IMS Pickup,2020-03-16,2020-03-20,False,True,True,False,False,True,False,False,10:00 AM,11:00 AM,,,,
Richardson ISD,http://www.richardson.k12.tx.us/,,False,,2020-03-01,2021-03-01,True,False,False,False,False,False,True,False,,,,,,
Richard Milburn Academy,https://www.rmaschools.org/students/services-and-resources/web-links/,,False,,2020-03-16,2020-03-20,False,False,False,False,False,False,False,False,,,,,,
Riesel ISD,https://www.rieselisd.org/site/default.aspx?PageType=3&DomainID=8&ModuleInstanceID=122&ViewID=6446EE88-D30C-497E-9316-3F8874B3E108&RenderLoc=0&FlexDataID=777&PageID=9,,False,,2020-03-16,2020-03-20,False,False,False,False,False,False,False,False,,,,,,
Robert Lee ISD,https://www.rlisd.net,,False,,2020-03-16,2020-03-20,False,False,False,False,False,False,False,False,,,,,,
Rockdale ISD,,,False,,2020-03-16,2020-03-20,False,False,False,False,False,False,False,False,,,,,,
Rocksprings ISD,https://www.rockspringsisd.net,Details: Lunch pick up behind the cafeteria. If you live within the city limits,False,Not specified,2020-03-16,2020-03-20,False,False,True,False,True,False,False,False,,,,,,
Rockwall ISD,https://www.facebook.com/pg/rockwallisd/posts/?ref=page_internal,Details: To help our students and families,True,Dobbs and Rochell,2020-03-16,2020-04-03,False,False,True,False,True,False,False,False,11:00 AM,1:00 PM,,,,
Rogers ISD,https://www.rogersisd.org/apps/news/article/1186323,,False,,2020-03-16,2020-03-20,False,False,False,False,False,False,False,False,,,,,,
Rosebud-Lott ISD,https://www.rlisd.org/apps/news/article/1184743,,False,,2020-03-16,2020-03-20,False,False,False,False,False,False,False,False,,,,,,
Round Rock ISD,https://roundrockisd.org/coronavirus/,Details: Meals will be provided Monday through Friday and children must be present to receive a meal. Meals will be distributed to children under the age of,False," Anderson Mill Elementary, Bluebonnet Elementary, Caldwell Heights Elementary, Callison Elementary, C.D. Fulkes Middle School, Double File Trail Elementary, Forest North Elementary, Hernandez Middle School, Joe Lee Johnson Elementary, Success High School, Union Hill Elementary,",2020-03-16,2020-04-03,False,True,True,False,False,True,False,False,8:00 AM,9:00 AM,11:00 AM,1:00 PM,,
Royal ISD,https://www.royal-isd.net/article/211605?org=royal-isd,Details:  Can pick up breakfast and lunch in one trip. On Thursday breakfast and lunch will be provided for both Thursday and Friday. Closed on Friday. Student must be in vehicle to receive meal,False,Behind Royal High School,2020-03-16,2020-04-10,False,True,True,False,True,False,False,False,9:30 AM,12:30 PM,,,,
Royse City ISD,,,False,,2020-03-16,2020-03-20,False,False,False,False,False,False,False,False,,,,,,
Rusk ISD,https://www.ruskisd.net/,,False,,2020-03-16,2020-03-20,False,False,False,False,False,False,False,False,,,,,,
S & S CISD,https://sscisd.net/apps/news/show_news.jsp?REC_ID=618855&id=0,Details: As we enter our,False,"Elementary, Middle School",2020-03-16,2020-04-03,False,True,True,False,False,True,False,False,11:00 AM,12:00 PM,11:00 AM,12:00 PM,,
Sabinal ISD,https://www.sabinalisd.net/apps/news/article/1184838,,False,,2020-03-16,2020-03-20,False,False,False,False,False,False,False,False,,,,,,
Sabine ISD,https://www.sabineisd.org/site/default.aspx?PageType=3&DomainID=4&ModuleInstanceID=3199&ViewID=6446EE88-D30C-497E-9316-3F8874B3E108&RenderLoc=0&FlexDataID=4289&PageID=1,,False,,2020-03-16,2020-03-27,False,False,False,False,False,False,False,False,,,,,,
Salado ISD,,,False,,2020-03-16,2020-03-20,False,False,False,False,False,False,False,False,,,,,,
San Angelo ISD,https://www.saisd.org/5051,,False," Belaire Elementary, Bradford Elementary, Crockett Elementary, Goliad Elementary, Lee Middle School",2020-03-16,2020-03-20,False,True,True,False,True,False,False,False,7:30 AM,8:30 AM,11:00 AM,12:00 PM,,
San Antonio ISD,https://www.saisd.net/page/article/227,Details: For more information contact Child Nutrition at,False," Brackenridge, Burbank, Edistion, Fox Tech, Highlands, Sam Houston, Jefferson, Lanier. Middle Schools",2020-03-09,2020-03-23,False,True,True,False,True,False,False,False,8:00 AM,9:00 AM,11:30 AM,12:30 PM,,
San Elizario ISD,https://www.seisd.net/departments/health_services/coronavirus,,False,,2020-03-23,2020-04-03,False,False,False,False,False,False,False,False,,,,,,
San Marcos CISD,,Details: Anyone,False," Travis Elementary, San Marcos HS and Redwood Baptist Church",2020-03-16,2020-04-05,False,True,True,False,False,True,False,False,8:00 AM,9:30 AM,11:30 AM,1:00 PM,,
Santa Anna ISD,https://www.santaannaisd.net,,False,,2020-03-16,2020-03-20,False,False,False,False,False,False,False,False,,,,,,
Santa Fe ISD,https://tx02215329.schoolwires.net/Page/3867,Details:,False,Barnett Elementary,2020-03-16,2020-04-10,False,True,True,False,True,False,False,False,10:30 AM,12:00 PM,,,,
Savoy ISD,https://www.savoyisd.org/,Details: Drive thru and pick up in front of the elementary school,False,Elementary School,2020-03-16,2020-04-03,False,False,True,False,True,False,False,False,11:00 AM,1:00 PM,,,,
Schertz-Cibolo-Universal City ISD,https://www.scuc.txed.net/site/Default.aspx?PageID=32581,,False," SCUC ISD will continue its curbside meals for students at no cost. Remember, the eligible student or students must be present in the vehicle for the meal to be distributed to conform to Texas Department of Agriculture regulations.",2020-03-17,2020-04-03,False,True,True,False,True,False,False,False,7:30 AM,8:30 AM,11:30 AM,1:00 PM,,
Schleicher Co. ISD,https://www.scisdnet,,False,,2020-03-16,2020-03-17,False,False,False,False,False,False,False,False,,,,,,
Sealy ISD,https://www.sealyisd.com/c_o_v_i_d-19_coronavirus,Details:  Enter through the drive-thru only original entrance,False,Selman Elementary,2020-03-16,2020-04-10,False,False,True,False,True,False,False,False,10:00 AM,12:00 PM,,,,
Sheldon ISD,https://www.sheldonisd.com/,Details:  Students MUST be present when walking or driving up in order to receive their meals for accountin purposes,False,"Carroll Elementary, Royalwood Elementary, Sheldon Elementary, Null Middle School, and C. E. King Middle School",2020-03-16,2020-04-10,False,True,True,False,True,False,False,False,7:00 AM,9:00 AM,11:00 AM,1:00 PM,,
Shepherd ISD,https://www.shepherdisd.net/apps/pages/index.jsp?uREC_ID=1693162&type=d&pREC_ID=1856571,Details:  Children,False,Shepherd High School Cafeteria via the door on the side of the High School facing the ball fields.,2020-03-16,2020-04-10,False,True,True,False,True,False,False,False,7:30 AM,9:30 AM,11:30 AM,1:30 PM,,
Sherman ISD,https://www.shermanisd.net/covid19,Details: Although COVID-,False,"Piner Middle School, Neblett Elementary",2020-03-16,2020-04-03,False,True,True,False,True,False,False,False,8:00 AM,10:00 AM,12:00 PM,2:00 PM,,
Smithville ISD,https://www.smithvilleisd.org/apps/pages/index.jsp?uREC_ID=186536&type=d&pREC_ID=1844358,,False,,2020-03-16,2020-04-05,False,False,False,False,False,False,False,False,,,,,,
Socorro ISD,https://www.sisd.net/Page/65749,Details:.,True,"All elementary, K",2020-03-22,2020-04-04,False,True,True,False,True,False,False,False,8:00 AM,9:00 AM,11:00 AM,1:00 PM,,
South San ISD,,,False,,2020-03-09,2020-03-23,False,False,False,False,False,False,False,False,,,,,,
Southwest ISD,http://www.swisd.net/cms/One.aspx?portalId=681437&pageId=14341974,Details: SWISD will be providing curbside meal service to students,False," Big Country ES, Bob Hope ES, Hidden Cove ES, Sky Harbour ES, Southwest ES.",2020-03-16,2020-03-20,False,True,True,False,True,False,False,False,7:00 AM,8:30 AM,11:00 AM,1:00 PM,,
Spring Branch ISD,https://www.springbranchisd.com/,Details:  On Mondays,False,"Hollbrook Elementary, Tiger Trail PK Center, Bear Blvd PK Center, Lion Lane PK Center, Wildcat Way PK Center, Spring Forest Middle",2020-03-16,2020-04-10,False,True,True,False,False,True,False,False,8:00 AM,11:00 AM,,,,
Spring HIll ISD,https://www.shisd.net/apps/news/article/1167888,,False,,2020-03-16,2020-03-27,False,False,False,False,False,False,False,False,,,,,,
Spring ISD,,Details:  Children must be present to recieve the meal. Look for the drive-through area at the front of the school.,False,"Anderson, Bammel Elementary, Booker, Clark Primary, Claughton, Hoyland, Meyer, McNabb, Ponderosa, Reynolds, Smith",2020-03-16,2020-04-10,False,True,True,False,True,False,False,False,8:00 AM,11:00 AM,5:00 PM,7:00 PM,,
Stafford MSD,https://www.staffordmsd.org/student-life/news/smsd-curb-side-meal-service,Details:  Children must be present to receive meals. Questions conact Child Nutrition at,False,Stafford Elementary School,2020-03-16,2020-04-10,False,True,True,True,True,False,False,False,8:00 AM,9:00 AM,10:30 AM,12:30 PM,3:00 PM,5:00 PM
Stockdale ISD,http://www.stockdaleisd.org/vnews/display.v/ART/5e6e2c0680eda,Details: We will be serving the meals at our Elementary Cafeteria as a grab and go through the parent pick-up line.,False, Elementary Cafeteria,2020-03-16,2020-03-20,False,True,True,False,True,False,False,False,7:30 AM,8:30 AM,11:30 AM,1:00 PM,,
Sulfrer Springs ISD,http://www.ssisd.net/,,False,,2020-03-16,2020-03-20,False,False,False,False,False,False,False,False,,,,,,
Sulfur Bluff ISD,https://www.sulphurbluffisd.net/20193?articleID=50328,,False,,2020-03-16,2020-03-20,False,False,False,False,False,False,False,False,,,,,,
Sweeny ISD,https://www.facebook.com/SweenyISD/,,False,Curbside,2020-03-16,2020-04-10,False,False,False,False,True,False,False,False,11:30 AM,1:00 PM,11:30 AM,1:00 PM,,
Sweetwater ISD,http://www.sweetwaterisd.net,,False,,,,False,False,False,False,False,False,False,False,,,,,,
Tarkington ISD,,,False,,2020-03-16,2020-03-20,False,False,False,False,False,False,False,False,,,,,,
Tatum ISD,https://drive.google.com/file/d/1D88m5JVhTuX-xBZPilu5m_JaRqPoqaQW/view,,False,,2020-03-16,2020-03-20,False,False,False,False,False,False,False,False,,,,,,
Taylor ISD,https://www.taylorisd.org/apps/news/article/1185776,Details: Bagged meals will be provided free of charge for all children,True, Main Street Event Center,2020-03-16,2020-03-20,False,True,True,False,True,False,False,False,7:30 AM,8:30 AM,11:00 AM,12:30 PM,,
Teague ISD,,,False,,2020-03-23,2020-04-03,False,False,False,False,True,False,False,False,10:45 AM,12:00 PM,,,,
Temple ISD,,,False,,2020-03-16,2020-03-20,False,False,False,False,False,False,False,False,,,,,,
Texas City ISD,https://www.tcisd.org/departments/health-services/coronavirus-2020,,False,,2020-03-16,2020-04-10,False,True,True,False,True,False,False,False,,,,,,
Texas Serenity Academy School,,,False,,2020-03-16,2020-04-10,False,False,False,False,False,False,False,False,,,,,,
Thrall ISD,https://www.thrallisd.com/apps/news/article/1185663,Details: TISD Staff and Volunteers will hand these meals to you in your vehicle,False, Enter off College Street,2020-03-16,2020-03-20,False,True,True,False,True,False,False,False,7:30 AM,8:30 AM,11:00 AM,12:30 PM,,
Throckmorton Collegiate ,https://www.throck.org/,Details: Meals will be picked up curbside in the alley. Parents and students are to remain in the car. Please enter off College St and exit behind the football field,False, Enter off College Street,2020-03-16,2020-03-20,False,True,True,False,True,False,False,False,8:00 AM,,,,,
Tioga ISD,https://www.tiogaisd.net/vnews/display.v/ART/5e6ffc8d137bc?fbclid=IwAR1jitJkO6tkCml9fPsA90pQazo5BdyxHrChZoZO24eVvDqmCodfm8tISbQ,Details:If you are interested or in need of receiving meals for your students,False,High School,2020-03-16,2020-04-03,False,False,False,False,True,False,False,False,5:00 PM,6:00 PM,5:00 PM,6:00 PM,,
Tomball ISD,https://www.tomballisd.net/apps/pages/index.jsp?uREC_ID=307639&type=d&pREC_ID=1843043,Details:,False,Tomball High School,2020-03-16,2020-04-10,False,False,False,False,True,False,False,False,8:00 AM,11:00 AM,,,,
Tornillo ISD,https://www.tisd.us/,,False,,2020-03-23,2020-04-04,False,False,False,False,False,False,True,False,,,,,,
Trenton ISD,https://ly.trentonisd.org/grab-lunch,Details:TISD Food Services will be offering a grab and go breakfast and lunch starting on Tuesday,False,Elementary School,2020-03-16,2020-04-03,False,True,True,False,True,False,False,False,12:00 PM,1:00 PM,,,,
Trinity ISD,,Details: Meals will be delivered to each car by an administrative staff member,False, Lansberry Elementary Bus Entrance,2020-03-16,2020-03-20,False,False,False,False,True,False,False,False,10:30 AM,12:30 PM,,,,
Troup ISD,https://www.troupisd.org/apps/news/article/1184357,Details: The district will provide a pick-up lunch for ALL students free of charge.  This is a pick-up lunch only,False, Elementary Campus,2020-03-16,2020-03-20,False,False,True,False,False,True,False,False,11:00 AM,12:30 PM,,,,
Troy ISD,,,False,,,,False,False,False,False,False,False,False,False,,,,,,
Tyler ISD,https://www.tylerisd.org/Page/33112,Details: As part of Tyler ISD,False," Boulter Middle School, Caldwell Arts Academy, Griffin Elementary School, Hubbard, Moore, and Three Lakes Middle Schools",2020-03-16,2020-03-20,False,False,False,False,True,False,False,False,11:00 AM,1:00 PM,,,,
Union Grove ISD,https://www.ugisd.org/,,False,,2020-03-16,2020-03-27,False,False,False,False,False,False,False,False,,,,,,
Union Hill ISD,,,False,,2020-03-16,2020-03-20,False,False,False,False,False,False,False,False,,,,,,
Utopia ISD,https://www.utopiaisd.net/article/209763?org=utopia-isd,,False,,2020-03-16,2020-03-20,False,False,False,False,False,False,False,False,,,,,,
Uvalde ISD,https://www.ucisd.net/,Details: We will continue to offer meals for our students. Meal packs will include breakfast and lunch meals for five days. Parents are encouraged to pick up meal packs on Tuesday,False," Uvalde High School, Robb Elementary and Batesville Elementary",2020-03-17,2020-03-20,False,False,False,False,False,True,False,False,7:00 AM,2:00 PM,7:00 am,2:00 pm,,
Valley Mills ISD,https://www.facebook.com/theVME/photos/a.645536562249109/1808127029323384/?type=3&theater,Details: With Valley Mills ISD schools closed March,False, Elementary School,2020-03-16,2020-03-20,False,True,True,False,True,False,False,False,11:00 AM,12:00 PM,,,,
Van ISD,https://www.vanisd.org/site/default.aspx?PageType=3&DomainID=4&ModuleInstanceID=62&ViewID=6446EE88-D30C-497E-9316-3F8874B3E108&RenderLoc=0&FlexDataID=5313&PageID=1,Details: District will be providing curbside pickup meals for children ages,False, J.E. Rhodes Elementary morning dropoff zone for PK,2020-03-17,2020-03-20,False,False,True,True,True,False,False,False,11:00 AM,1:00 PM,5:30 PM,7:00 PM,,
Van Alstyne ISD,https://www.facebook.com/vanalstyneindependentschooldistrict/?__tn__=kC-R&eid=ARCWQeQzuufXUKOlLVG8q8Heu7c-Sj1ONFmCEcWvbxnmlys2Nwgx-0c1PUoRUOP4JIqOZuz49c5QqPw9&hc_ref=ARQpsj1IEDa8hriyougKwaZXFkaR2O3Ws2pde3YRveQbJTQjk0wyl3VLrBzqhgivUj8&fref=nf&__xts__[0]=68.ARAlH_5PZsog6w8GSRe2Xls6S2cfb1CvovySwKXRijf5SEsFbVQ-gAxwh-KaAIY10gm5Ztjzdk9r_LivvA8xRvaCNxz699hSCHueqqc1eFhpiAxASTNtlUzjkvCotCHNu3RZSuE6b4L2Xg19YlyDXVTLK_kAsNJEDQBx03faXH8Q6zm5MCGNKKMaQ2ba0hP2EaJewCc7y-jZz1QwXqjrFGEwhRpG57aLoFVViXzGn-JSW6LO5K-vGemll5bzfC7Eua9bs9zcri7QJISQZxMQdKtO-IB-7G1z3-2XRE4qugvvHWLMDNsWnT3XoEIAFfZOdVeJ4l9w2yrbbwsdyTpfRchHVg,Details:  The district is offering a free grab and go breakfast each day next week from,False,Sanford Elementary,2020-03-23,2020-04-03,False,True,False,False,True,False,False,False,6:30 AM,8:30 AM,,,,
Varnett Public School,,,False,,2020-03-13,2020-04-10,False,False,False,False,False,False,False,False,,,,,,
Veribest ISD,https://www.veribestisd.net,,False,,2020-03-16,2020-03-20,False,False,False,False,False,False,False,False,,,,,,
Waco ISD,https://www.wacoisd.org/COVID19?fbclid=IwAR3KUjSlxR-_cB8wDOejenKPCSBAcXsdlfTBgfzfKjMl4RBJ4L4GCmPtx9k#calendar16277/20200317/month,Details: Breakfasts and lunches for any child between,True, Bledsoe Miller Community Center,2020-03-13,2020-03-30,False,True,True,False,True,False,False,False,8:00 AM,9:30 AM,11:00 AM,12:30 PM,,
Wall ISD,https://wallisd.net,,False,,2020-03-16,2020-03-27,False,False,False,False,False,False,False,False,,,,,,
Waller ISD,https://www.wallerisd.net/site/default.aspx?PageType=3&DomainID=8&ModuleInstanceID=1215&ViewID=6446EE88-D30C-497E-9316-3F8874B3E108&RenderLoc=0&FlexDataID=11377&PageID=9,Details:  Do not exit your vehicle,False,"Holleman Elementary, Fields Store Elementary, and Roberts Road Elementary",2020-03-16,2020-04-10,False,True,True,False,True,False,False,False,11:00 AM,1:00 PM,,,,
Waskom ISD,https://www.waskomisd.net/event_view?event_id=697164&pgIDref=34332,Details: Waskom ISD will be providing sack lunch pick-up at the Waskom Elementary,False,Waskom Elementary,2020-03-16,2020-03-20,False,False,True,False,True,False,False,False,11:00 AM,1:00 PM,,,,
Water Valley ISD,https://www.wvisd.net,,False,Where:,2020-03-16,2020-03-20,False,False,False,False,False,True,False,False,8:00 AM,10:00 AM,,,,
Wells ISD,https://www.wells.esc7.net/,,False,,2020-03-16,2020-03-20,False,False,False,False,False,False,False,False,,,,,,
West Rusk,http://www.westrusk.esc7.net/,,False,,2020-03-16,2020-03-20,False,False,False,False,False,False,False,False,,,,,,
White Oak ISD,http://www.woisd.net/,Details:. WOISD will offer meals to ALL students in the district. Meals will be hand delivered to each vehicle. All school aged children will receive a meal.,False,HS,2020-03-16,2020-03-27,False,True,True,False,True,False,False,True,11:00 AM,12:00 PM,,,,
Whitehouse ISD,,,False,,2020-03-16,2020-03-20,False,False,False,False,False,False,False,False,,,,,,
Whitesboro ISD,https://www.whitesboroisd.org/index.jsp,Details: Free lunches via curbside pickup,False,"Whitesboro Miiddle School, Sherwood Shores Baptisit Church",2020-03-16,2020-04-03,False,False,True,False,True,False,False,False,11:00 AM,,,,,
Willis ISD,,,False,Meador Elementary,2020-03-16,2020-04-10,False,True,True,False,True,False,False,False,11:00 AM,,,,,
Winona ISD,http://www.winonaisd.org/,,False,,2020-03-16,2020-03-20,False,False,False,False,False,False,False,False,,,,,,
Winters ISD,http://www.wintersisd.org,Details:. You can drive by and pick it up or contact food services if you need food delivered.,False,Not Specified,2020-03-16,2020-03-18,False,True,True,False,False,True,False,True,8:00 AM,9:00 AM,11:00 AM,12:00 PM,,
Wooden ISD,https://www.wodenisd.org/,,False,,2020-03-16,2020-03-20,False,False,False,False,False,False,False,False,,,,,,
Woodson ISD,http://www.woodsonisd.net/,,False,,2020-03-16,2020-03-20,False,False,False,False,False,False,False,False,,,,,,
Wortham ISD,https://www.worthamisd.org/,,False,,2020-03-16,2020-03-20,False,False,False,False,False,False,False,False,,,,,,
Wylie ISD,,Details:. Due to program rules,False,Where:,2020-03-16,2020-03-20,False,False,True,False,True,False,False,False,,,,,,
Yantis ISD,http://www.yantisisd.net/,,False,,2020-03-16,2020-03-20,False,False,False,False,False,False,False,False,,,,,,
Yes Prep Charter,https://www.yesprep.org/covid19/meals,,False,Brays Oaks,2020-03-13,2020-04-10,False,True,True,False,True,False,False,False,10:00 AM,11:00 AM,,,,
Ysleta ISD,https://www.yisd.net/Page/8135,Details:.,False,"Bel Air Middle School, Del Valle Middle School, Parkland Middle School, Bel Air High School, Del Valle High School, Ysleta High School, Riverside High School, Hanks High School, Eastwood High School, Parkland High School, Constance Hulbert Elementary School, R.E.L. Washington Elementary School, Desertaire Elementary School, Capistrano Elementary",2020-03-23,2020-04-03,False,True,True,False,True,False,False,False,7:30 AM,8:30 AM,11:00 AM,12:30 PM,,
Zephyr ISD,http://www.zephyrisd.net,,False,,2020-03-16,2020-03-20,False,False,False,False,False,False,False,False,,,,,,
